{"cameraMode":{"drawMode":0,"name":"Shaded","section":"Shading Mode"},"sceneLighting":true,"audioPlay":false,"sceneViewState":{"showFog":true,"showMaterialUpdate":false,"showSkybox":true,"showFlares":true,"showImageEffects":true,"showParticleSystems":true},"in2DMode":false,"pivot":{"x":3.913543224334717,"y":-26.591793060302736,"z":-16.399627685546876},"rotation":{"x":0.23985406756401063,"y":0.7580056190490723,"z":-0.4588793218135834,"w":0.39681732654571535},"size":38.7519416809082,"orthographic":false}